INSERT INTO User (idUser, nameUser, firstnameUser, login, password, emailUser, roleUser)
VALUES      ("1","Antoniak","Loïc","anto0037","anto0037","loic.antoniak@gmail.com","Administrator"),
            ("2","Barocco","Maxime","baro0021","baro0021","maxime.barocco@etudiant.univ-reims.fr","Administrator"),
            ("3","Martinsky","Michaël","mart0261","mart0261","michael.martinsky1@etudiant.univ-reims.fr","Administrator"),
            ("4","Delmotte","Fabien","delm0011","delm0011","fabien.delmotte@etudiant.univ-reims.fr","Administrator"),
            ("5","Hautois","Loïc","haut0011","haut0011","loic.hautois@etudiant.univ-reims.fr","User"),
            ("6","Vincent","Jan Michaël","vinc0043","vinc0043","jan-michael.vincent@etudiant.univ-reims.fr","User"),
            ("7","Huynh","Jean-Christophe","huyn0011","huyn0011","jean-christophe.huyn@etudiant.univ-reims.fr","User"),
            ("8","De Babo","Christophe","de-b0020","de-b0020","christophe.de-babo@etudiant.univ-reims.fr","User"),
            ("9","Fay","Nicolas","fay0016","fay0016","nicolas.fay@etudiant.univ-reims.fr","User"),
            ("10","Chauwin","Geoffrey","chau0072","chau0072","geoffrey.chauwin@etudiant.univ-reims.fr","User"),
            ("11","Peckre","Gérard","peck0001","peck0001","gerard.peckre@etudiant.univ-reims.fr","User"),
            ("12","Zakari","Alla Eddine","zaka0002","zaka0002","allaeddine.zakari@etudiant.univ-reims.fr","User");

INSERT INTO Tutorial (idTutorial, title, status)
VALUES      ("1","truc1","Valid"),
            ("2","truc2","Valid"),
            ("3","truc3","Valid"),
            ("4","truc4","Valid"),
            ("5","truc5","Not valid"),
            ("6","truc6","Valid"),
            ("7","truc7","Valid"),
            ("8","truc8","Waiting for validation"),
            ("9","truc9","Waiting for validation"),
            ("10","truc10","Waiting for validation"),
            ("11","truc11","Waiting for validation"),
            ("12","truc12","Being edited"),
            ("13","truc13","Being edited"),
            ("14","truc14","Being edited"),
            ("15","truc15","Being edited");

INSERT INTO Category (idCategory, nameCat)
VALUES      ("1","Maison"),
            ("2","Beauté et bien-être"),
            ("3","Animaux"),
            ("4","Loisirs et voyages"),
            ("5","Bébés et enfants"),
            ("6","Mode et textile");

INSERT INTO Category (nameCat, idCatMother)
VALUES      ("Décoration","1"),
            ("Entretien et nettoyage","1"),
            ("Cuisine","1"),
            ("Bricolage","1"),
            ("Energie","1"),
            ("Eau","1"),
            ("Jardin","1"),
            ("Visage","2"),
            ("Corps","2"),
            ("Cheveux","2"),
            ("Cosmétique","2"),
            ("Accessoires","2"),
            ("Hygiène intime","2");

INSERT INTO Step (idTutorial, orderStep, textStep)
VALUES      ("1","1","texte"),
            ("1","2","texte2"),
            ("2","1","texte2"),
            ("2","2","texte2"),
            ("3","1","texte2"),
            ("4","1","texte2"),
            ("4","2","texte2"),
            ("4","3","texte2"),
            ("5","1","texte2"),
            ("5","2","texte2"),
            ("6","1","texte2"),
            ("6","2","texte2"),
            ("6","3","texte2"),
            ("6","4","texte2"),
            ("7","1","texte2"),
            ("7","2","texte2"),
            ("8","1","texte2"),
            ("9","1","texte2"),
            ("9","2","texte2"),
            ("10","1","texte2"),
            ("10","2","texte2"),
            ("11","1","texte2"),
            ("11","2","texte2"),
            ("11","3","texte2"),
            ("12","1","texte2"),
            ("13","1","texte2"),
            ("13","2","texte2"),
            ("14","1","texte2"),
            ("14","2","texte2"),
            ("15","1","texte2"),
            ("15","2","texte2"),
            ("15","3","texte2");

